Enzyme,,Sequence,Supplied NEBuffer,% Activity in NEBuffer,,,,Heat Inac.,Incu. Temp.,Diluent,Dam,Dcm,CpG,Unit Substrate,Notes
,,,,r1.1,r2.1,r3.1,rCutSmart,,,,,,,,
AatII,††,GACGT/C,rCutSmartô Buffer,<10,50*,50,100,80įC,37įC,B,,,,? DNA,
Acc65I,†††,G/GTACC,NEBufferô r3.1,10,75*,100,25,65įC,37įC,A,,,,pBC4 DNA,
AccI,††,GT/MKAC,rCutSmartô Buffer,50,50,10,100,80įC,37įC,A,,,,? DNA,
AciI,††,CCGC(-3/-1),rCutSmartô Buffer,<10,25,100,100,65įC,37įC,A,,,,? DNA,
AclI,††,AA/CGTT,rCutSmartô Buffer,<10,<10,<10,100,No,37įC,B,,,,? DNA,
AcuI,,CTGAAG(16/14),rCutSmartô Buffer,50,100,50,100,65įC,37įC,B,,,,? DNA,"1, b, d"
AfeI,,AGC/GCT,rCutSmartô Buffer,25,100,25,100,65įC,37įC,B,,,,pXba DNA,
AflII,,C/TTAAG,rCutSmartô Buffer,50,100,10,100,65įC,37įC,A,,,,?X174 RF I DNA,
AflIII,,A/CRYGT,NEBufferô r3.1,10,50,100,50,80įC,37įC,B,,,,? DNA,
AgeI-HFģ,†††,A/CCGGT,rCutSmartô Buffer,100,50,10,100,65įC,37įC,A,,,,? DNA,
AhdI,††,GACNNN/NNGTC,rCutSmartô Buffer,25,25,10,100,65įC,37įC,A,,,,? DNA,a
AleI-v2,††,CACNN/NNGTG,rCutSmartô Buffer,<10,<10,<10,100,65įC,37įC,B,,,,? DNA,
AluI,,AG/CT,rCutSmartô Buffer,25,100,50,100,80įC,37įC,B,,,,? DNA,b
AlwI,,GGATC(4/5),rCutSmartô Buffer,50,50,10,100,No,37įC,A,,,,? DNA (dam-),"1, b, d"
AlwNI,††,CAGNNN/CTG,rCutSmartô Buffer,10,100,50,100,80įC,37įC,A,,,,? DNA,
ApaI,†††,GGGCC/C,rCutSmartô Buffer,25,25,<10,100,65įC,37įC,A,,,,pXba DNA,
ApaLI,††,G/TGCAC,rCutSmartô Buffer,100,100,10,100,No,37įC,A,,,,? DNA (HindIII digest),
ApeKI,††,G/CWGC,NEBufferô r3.1,25,50,100,10,No,75įC,B,,,,? DNA,
ApoI-HF,††,R/AATTY,rCutSmartô Buffer,10,100,10,100,80įC,37įC,B,,,,? DNA,
AscI,††,GG/CGCGCC,rCutSmartô Buffer,<10,10,10,100,80įC,37įC,A,,,,? DNA,
AseI,,AT/TAAT,NEBufferô r3.1,<10,50*,100,10,65įC,37įC,B,,,,? DNA,3
AsiSI,,GCGAT/CGC,rCutSmartô Buffer,100,100,25,100,80įC,37įC,B,,,,XhoI digested pXba,"2, b"
AvaI,††,C/YCGRG,rCutSmartô Buffer,<10,100,25,100,80įC,37įC,A,,,,? DNA,
AvaII,†††,G/GWCC,rCutSmartô Buffer,50,75,10,100,80įC,37įC,A,,,,? DNA,
AvrII,,C/CTAGG,rCutSmartô Buffer,100,50,50,100,No,37įC,B,,,,? DNA (HindIII digest),
BaeGI,,GKGCM/C,NEBufferô r3.1,75,75,100,25,80įC,37įC,A,,,,? DNA,
BaeI,††,(10/15)ACNNNNGTAYC(12/7),rCutSmartô Buffer,50,100,50,100,65įC,37įC,A,,,,? DNA,e
BamHI†ß,,G/GATCC,NEBufferô r3.1,75*,100*,100,100*,No,37įC,A,,,,? DNA,3
BamHI-HFģ,††,G/GATCC,rCutSmartô Buffer,100,50,10,100,No,37įC,A,,,,? DNA,
BanI,††,G/GYRCC,rCutSmartô Buffer,10,25,<10,100,65įC,37įC,A,,,,? DNA,1
BanII,,GRGCY/C,rCutSmartô Buffer,100,100,50,100,80įC,37įC,A,,,,? DNA,2
BbsI†ß,,GAAGAC(2/6),NEBufferô r2.1,100,100,25,75,65įC,37įC,B,,,,? DNA,
BbsI-HFģ,††,GAAGAC(2/6),rCutSmartô Buffer,10,10,10,100,65įC,37įC,B,,,,? DNA,
BbvCI,,CCTCAGC(-5/-2),rCutSmartô Buffer,10,100,50,100,No,37įC,B,,,,? DNA,"1, a"
BbvI,,GCAGC(8/12),rCutSmartô Buffer,100,100,25,100,65įC,37įC,B,,,,pBR322 DNA,3
BccI,,CCATC(4/5),rCutSmartô Buffer,100,50,10,100,65įC,37įC,A,,,,pXba DNA,"3, b"
BceAI,,ACGGC(12/14),NEBufferô r3.1,100*,100*,100,100*,65įC,37įC,A,,,,pBR322 DNA,1
BcgI,††,(10/12)CGANNNNNNTGC(12/10),NEBufferô r3.1,10,75*,100,50*,65įC,37įC,A,,,,? DNA,e
BciVI,,GTATCC(6/5),rCutSmartô Buffer,100,25,<10,100,80įC,37įC,C,,,,? DNA,b
BclI†ß,††,T/GATCA,NEBufferô r3.1,50,100,100,75,No,37įC,A,,,,? DNA (dam-),
BclI-HF,†††,T/GATCA,rCutSmartô Buffer,100,100,10,100,65įC,37įC,B,,,,? DNA (dam-),
BcoDI,††,GTCTC(1/5),rCutSmartô Buffer,50,75,75,100,No,37įC,B,,,,? DNA,
BfaI,,C/TAG,rCutSmartô Buffer,<10,10,<10,100,80įC,37įC,B,,,,? DNA,"2, b"
BfuAI,††,ACCTGC(4/8),NEBufferô r3.1,<10,25,100,10,65įC,50įC,B,,,,? DNA,3
BglI,††,GCCNNNN/NGGC,NEBufferô r3.1,10,25,100,10,65įC,37įC,B,,,,? DNA,
BglII,,A/GATCT,NEBufferô r3.1,10,10,100,<10,No,37įC,A,,,,? DNA,
BlpI,,GC/TNAGC,rCutSmartô Buffer,50,100,10,100,No,37įC,A,,,,? DNA,d
BmgBI,††,CACGTC(-3/-3),NEBufferô r3.1,<10,10,100,10,65įC,37įC,B,,,,? DNA,"3, b, d"
BmrI,,ACTGGG(5/4),NEBufferô r2.1,75,100,75,100*,65įC,37įC,B,,,,? DNA (HindIII digest),b
BmtI-HFģ,††,GCTAG/C,rCutSmartô Buffer,50,100,10,100,65įC,37įC,B,,,,pXba DNA,
BpmI,,CTGGAG(16/14),NEBufferô r3.1,75,100,100,100*,65įC,37įC,B,,,,? DNA,2
BpuEI,,CTTGAG(16/14),rCutSmartô Buffer,50*,100,50*,100,65įC,37įC,B,,,,? DNA,d
Bpu10I,,CCTNAGC(-5/-2),NEBufferô r3.1,10,25,100,25,80įC,37įC,B,,,,? DNA,"3, b, d"
BsaAI,††,YAC/GTR,rCutSmartô Buffer,100,100,100,100,No,37įC,C,,,,? DNA,
BsaBI,††,GATNN/NNATC,rCutSmartô Buffer,50,100,75,100,80įC,60įC,B,,,,? DNA (dam-),2
BsaHI,†††,GR/CGYC,rCutSmartô Buffer,50,100,100,100,80įC,37įC,C,,,,? DNA,
BsaI-HFģv2,††††,GGTCTC(1/5),rCutSmartô Buffer,100,100,100,100,80įC,37įC,B,,,,pXba DNA,
BsaJI,,C/CNNGG,rCutSmartô Buffer,50,100,100,100,80įC,60įC,A,,,,? DNA,
BsaWI,,W/CCGGW,rCutSmartô Buffer,10,100,50,100,80įC,60įC,A,,,,? DNA,
BsaXI,,(9/12)ACNNNNNCTCC(10/7),rCutSmartô Buffer,50*,100*,10,100,No,37įC,C,,,,? DNA,e
BseRI,,GAGGAG(10/8),rCutSmartô Buffer,100,100,75,100,80įC,37įC,A,,,,? DNA,d
BseYI,,CCCAGC(-5/-1),NEBufferô r3.1,10,50,100,50,80įC,37įC,B,,,,? DNA,d
BsgI,,GTGCAG(16/14),rCutSmartô Buffer,25,50,25,100,65įC,37įC,B,,,,? DNA,d
BsiEI,††,CGRY/CG,rCutSmartô Buffer,25,50,<10,100,No,60įC,A,,,,? DNA,1
BsiHKAI,,GWGCW/C,rCutSmartô Buffer,25,100,100,100,No,65įC,A,,,,? DNA,
BsiWI†ß,††,C/GTACG,NEBufferô r3.1,25,50*,100,25,80įC,55įC,B,,,,?X174 DNA,
BsiWI-HFģ,†††,C/GTACG,rCutSmartô Buffer,50,100,10,100,80įC,37įC,B,,,,?X174 DNA,
BslI,†††,CCNNNNN/NNGG,rCutSmartô Buffer,50,75,100,100,No,37įC,A,,,,? DNA,b
BsmAI,††,GTCTC(1/5),rCutSmartô Buffer,50,100,100,100,No,37įC,B,,,,? DNA,
BsmBI-v2,†††,CGTCTC,NEBufferô r3.1,<10,50,100,25,80įC,55įC,B,,,,? DNA,
BsmFI,††,GGGAC(10/14),rCutSmartô Buffer,25,50,50,100,80įC,37įC,A,,,,pBR322 DNA,1
BsmI,,GAATGC(1/-1),rCutSmartô Buffer,25,100,<10,100,80įC,65įC,A,,,,? DNA,
BsoBI,,C/YCGRG,rCutSmartô Buffer,25,100,100,100,80įC,37įC,A,,,,? DNA,
BspCNI,,CTCAG(9/7),rCutSmartô Buffer,100,75,10,100,80įC,37įC,A,,,,? DNA,b
BspDI,††,AT/CGAT,rCutSmartô Buffer,25,75,50,100,80įC,37įC,A,,,,? DNA,
BspEI,†††,T/CCGGA,NEBufferô r3.1,<10,10,100,<10,80įC,37įC,B,,,,? DNA (dam-),
BspHI,††,T/CATGA,rCutSmartô Buffer,10,50,25,100,80įC,37įC,A,,,,? DNA,
Bsp1286I,,GDGCH/C,rCutSmartô Buffer,25,25,25,100,65įC,37įC,A,,,,? DNA,3
BspMI,,ACCTGC(4/8),NEBufferô r3.1,10,50*,100,10,65įC,37įC,B,,,,? DNA,
BspQI,,GCTCTTC(1/4),NEBufferô r3.1,100*,100*,100,100*,80įC,50įC,B,,,,? DNA,3
BspQI-HFģ†ß,††,GCTCTTC(1/4),rCutSmartô Buffer,10,50,25,100,80įC,37įC,B,,,,? DNA,
BsrBI,††,CCGCTC(-3/-3),rCutSmartô Buffer,50,100,100,100,80įC,37įC,A,,,,? DNA,d
BsrDI,,GCAATG(2/0),NEBufferô r2.1,10,100,75,25,80įC,37įC,A,,,,? DNA,"3, d"
BsrFI-v2,†††,R/CCGGY,rCutSmartô Buffer,25,25,0,100,No,37įC,C,,,,pBR322 DNA,
BsrGI-HFģ,††,T/GTACA,rCutSmartô Buffer,10,100,100,100,80įC,37įC,A,,,,? DNA,
BsrI,,ACTGG(1/-1),NEBufferô r3.1,<10,50,100,10,80įC,65įC,B,,,,?X174 DNA,b
BssHII,††,G/CGCGC,rCutSmartô Buffer,100,100,100,100,65įC,37įC,B,,,,? DNA,
BssSI-v2,††,CACGAG(-5/-1),rCutSmartô Buffer,10,25,<10,100,No,37įC,B,,,,? DNA,
BstAPI,,GCANNNN/NTGC,rCutSmartô Buffer,50,100,25,100,80įC,60įC,A,,,,? DNA,b
BstBI,††,TT/CGAA,rCutSmartô Buffer,75,100,10,100,No,65įC,A,,,,? DNA,
BstEII-HFģ,††,G/GTNACC,rCutSmartô Buffer,<10,10,<10,100,No,37įC,A,,,,? DNA,
BstNI,,CC/WGG,NEBufferô r3.1,10,100,100,75,No,60įC,A,,,,? DNA,a
BstUI,††,CG/CG,rCutSmartô Buffer,50,100,25,100,No,60įC,A,,,,? DNA,b
BstXI,††,CCANNNNN/NTGG,NEBufferô r3.1,<10,50,100,25,80įC,37įC,B,,,,? DNA,3
BstYI,,R/GATCY,rCutSmartô Buffer,25,100,75,100,No,60įC,A,,,,? DNA,
BstZ17I-HFģ,†††,GTATAC,rCutSmartô Buffer,100,100,10,100,No,37įC,A,,,,? DNA,
Bsu36I,,CC/TNAGG,rCutSmartô Buffer,25,100,100,100,80įC,37įC,C,,,,? DNA (HindIII digest),b
BtgI,,C/CRYGG,rCutSmartô Buffer,50,100,100,100,80įC,37įC,B,,,,pBR322 DNA,
BtgZI,,GCGATG(10/14),rCutSmartô Buffer,10,25,<10,100,80įC,60įC,A,,,,? DNA,"3, b, d"
BtsCI,,GGATG(2/0),rCutSmartô Buffer,10,100,25,100,80įC,50įC,B,,,,? DNA,
BtsIMutI,,CAGTG(2/0),rCutSmartô Buffer,100,50,10,100,80įC,55įC,A,,,,pUC19 DNA,b
BtsI-v2,††,GCAGTG(2/0),rCutSmartô Buffer,100,100,25,100,No,37įC,A,,,,? DNA,1
Cac8I,††,GCN/NGC,rCutSmartô Buffer,50,75,100,100,65įC,37įC,B,,,,? DNA,b
ClaI,†††,AT/CGAT,rCutSmartô Buffer,10,50,50,100,65įC,37įC,A,,,,? DNA (dam-),
CspCI,,(11/13)CAANNNNNGTGG(12/10),rCutSmartô Buffer,10,100,10,100,65įC,37įC,A,,,,? DNA,e
CviKI-1,,RG/CY,rCutSmartô Buffer,25,100,100,100,No,37įC,A,,,,pBR322 DNA,"1, b"
CviQI,,G/TAC,NEBufferô r3.1,75,100*,100,75*,No,25įC,C,,,,? DNA,b
DdeI,,C/TNAG,rCutSmartô Buffer,75,100,100,100,65įC,37įC,B,,,,? DNA,
DpnI,††,GA/TC,rCutSmartô Buffer,100,100,75,100,80įC,37įC,B,,,,pBR322 DNA (dam methylated),b
DpnII,††,/GATC,NEBufferô DpnII,25,25,100*,25,65įC,37įC,B,,,,? DNA (dam-),
DraI,,TTT/AAA,rCutSmartô Buffer,75,75,50,100,65įC,37įC,A,,,,? DNA,
DraIII-HFģ,†††,CACNNN/GTG,rCutSmartô Buffer,<10,50,10,100,No,37įC,B,,,,? DNA,b
DrdI,††,GACNNNN/NNGTC,rCutSmartô Buffer,25,50,10,100,65įC,37įC,A,,,,pUC19 DNA,3
EaeI,††,Y/GGCCR,rCutSmartô Buffer,10,50,<10,100,65įC,37įC,A,,,,? DNA,b
EagI-HFģ,†††,C/GGCCG,rCutSmartô Buffer,25,100,100,100,65įC,37įC,B,,,,pXba DNA,
EarI,††,CTCTTC(1/4),rCutSmartô Buffer,50,10,<10,100,65įC,37įC,B,,,,? DNA,"b, d"
EciI,,GGCGGA(11/9),rCutSmartô Buffer,100,50,50,100,65įC,37įC,A,,,,? DNA,2
Eco53kI,††,GAG/CTC,rCutSmartô Buffer,100,100,<10,100,65įC,37įC,A,,,,pXba DNA,"3, b"
EcoNI,,CCTNN/NNNAGG,rCutSmartô Buffer,50,100,75,100,65įC,37įC,A,,,,? DNA,b
EcoO109I,††,RG/GNCCY,rCutSmartô Buffer,50,100,50,100,65įC,37įC,A,,,,? DNA (HindIII digest),3
EcoP15I,,CAGCAG(25/27),NEBufferô r3.1†+ ATP,75,100,100,100,65įC,37įC,A,,,,pUC19 DNA,e
EcoRI†ß,††,G/AATTC,NEBufferô EcoRI/SspI,25,100*,50,50*,65įC,37įC,C,,,,? DNA,
EcoRI-HFģ,†††,G/AATTC,rCutSmartô Buffer,10,100,<10,100,65įC,37įC,C,,,,? DNA,
EcoRV†ß,††,GAT/ATC,NEBufferô r3.1,10,50,100,10,80įC,37įC,A,,,,? DNA,
EcoRV-HFģ,†††,GAT/ATC,rCutSmartô Buffer,25,100,100,100,65įC,37įC,B,,,,? DNA,
Esp3I,††,CGTCTC(1/5),rCutSmartô Buffer,100,100,<10,100,65įC,37įC,B,,,,? DNA,
FatI,,/CATG,NEBufferô r2.1,10,100,50,50,80įC,55įC,A,,,,pUC19 DNA,
FauI,,CCCGC(4/6),rCutSmartô Buffer,100,50,10,100,65įC,55įC,A,,,,? DNA,"3, b, d"
Fnu4HI,††,GC/NGC,rCutSmartô Buffer,<10,<10,<10,100,No,37įC,A,,,,? DNA,a
FokI,††,GGATG(9/13),rCutSmartô Buffer,100,100,75,100,65įC,37įC,A,,,,? DNA,"3, b, d"
FseI,†††,GGCCGG/CC,rCutSmartô Buffer,100,75,<10,100,65įC,37įC,B,,,,pBC4 DNA,
FspI,††,TGC/GCA,rCutSmartô Buffer,10,100,10,100,No,37įC,C,,,,? DNA,b
HaeII,††,RGCGC/Y,rCutSmartô Buffer,25,100,10,100,80įC,37įC,A,,,,? DNA,
HaeIII,,GG/CC,rCutSmartô Buffer,50,100,25,100,80įC,37įC,A,,,,? DNA,
HgaI,,GACGC(5/10),NEBufferô r1.1,100,100,25,100*,65įC,37įC,A,,,,?X174 DNA,1
HhaI,††,GCG/C,rCutSmartô Buffer,25,100,100,100,65įC,37įC,A,,,,? DNA,
HincII,††,GTY/RAC,rCutSmartô Buffer,25,100,100,100,65įC,37įC,B,,,,? DNA,
HindIII†ß,,A/AGCTT,NEBufferô r2.1,25,100,50,50,80įC,37įC,B,,,,? DNA,
HindIII-HFģ,††,A/AGCTT,rCutSmartô Buffer,10,100,10,100,80įC,37įC,B,,,,? DNA,
HinfI,††,G/ANTC,rCutSmartô Buffer,50,100,100,100,80įC,37įC,A,,,,? DNA,
HinP1I,††,G/CGC,rCutSmartô Buffer,100,100,100,100,65įC,37įC,A,,,,? DNA,
HpaI,,GTT/AAC,rCutSmartô Buffer,<10,75*,25,100,No,37įC,A,,,,? DNA,1
HpaII,††,C/CGG,rCutSmartô Buffer,100,50,<10,100,80įC,37įC,A,,,,? DNA,
HphI,†††,GGTGA(8/7),rCutSmartô Buffer,50,50,<10,100,65įC,37įC,B,,,,? DNA,"1, b, d"
HpyAV,††,CCTTC(6/5),rCutSmartô Buffer,100,100,25,100,65įC,37įC,,,,,? DNA,"3, b, d"
HpyCH4III,,ACN/GT,rCutSmartô Buffer,100,25,<10,100,65įC,37įC,A,,,,? DNA,b
HpyCH4IV,††,A/CGT,rCutSmartô Buffer,100,50,25,100,65įC,37įC,A,,,,pUC19 DNA,
HpyCH4V,,TG/CA,rCutSmartô Buffer,50,50,25,100,65įC,37įC,A,,,,? DNA,
Hpy99I,,CGWCG/,rCutSmartô Buffer,50,10,<10,100,65įC,37įC,A,,,,? DNA,
Hpy188I,,TCN/GA,rCutSmartô Buffer,25,100,50,100,65įC,37įC,A,,,,pBR322 DNA,"1, b"
Hpy166II,††,GTN/NAC,rCutSmartô Buffer,100,100,50,100,65įC,37įC,C,,,,pBR322 DNA,
Hpy188III,††,TC/NNGA,rCutSmartô Buffer,100,100,10,100,65įC,37įC,B,,,,pUC19 DNA,"3, b"
I-CeuI,,TAACTATAACGGTCCTAAGGTAGCGAA(-9/-13),rCutSmartô Buffer,10,10,10,100,65įC,37įC,B,,,,pBHS ScaI-linearized Control Plasmid,
I-SceI,,TAGGGATAACAGGGTAAT(-9/-13),rCutSmartô Buffer,10,50,25,100,65įC,37įC,B,,,,pGPS2 NotI-linearized Control Plasmid,
KasI,,G/GCGCC,rCutSmartô Buffer,50,100,50,100,65įC,37įC,B,,,,pBR322 DNA,3
KpnI-HFģ,††,GGTAC/C,rCutSmartô Buffer,100,25,<10,100,No,37įC,A,,,,pXba DNA,
MboI,††,/GATC,rCutSmartô Buffer,75,100,100,100,65įC,37įC,A,,,,? DNA (dam-),
MboII,††,GAAGA(8/7),rCutSmartô Buffer,100*,100,50,100,65įC,37įC,C,,,,? DNA (dam-),b
MfeI-HFģ,††,C/AATTG,rCutSmartô Buffer,75,25,<10,100,No,37įC,A,,,,? DNA,
MluCI,,/AATT,rCutSmartô Buffer,100,10,10,100,No,37įC,A,,,,? DNA,
MluI-HFģ,†††,A/CGCGT,rCutSmartô Buffer,25,100,100,100,No,37įC,A,,,,? DNA,
MlyI,,GAGTC(5/5),rCutSmartô Buffer,50,50,10,100,65įC,37įC,A,,,,? DNA,"b, d"
MmeI,††,TCCRAC(20/18),rCutSmartô Buffer,50,100,50,100,65įC,37įC,B,,,,?X174 RF I DNA,"b, c"
MnlI,,CCTC(7/6),rCutSmartô Buffer,75,100,50,100,65įC,37įC,B,,,,? DNA,b
MscI,,TGG/CCA,rCutSmartô Buffer,25,100,100,100,80įC,37įC,C,,,,? DNA,
MseI,,T/TAA,rCutSmartô Buffer,75,100,75,100,65įC,37įC,A,,,,? DNA,
MslI,,CAYNN/NNRTG,rCutSmartô Buffer,50,50,<10,100,80įC,37įC,A,,,,? DNA,
MspA1I,††,CMG/CKG,rCutSmartô Buffer,10,50,10,100,65įC,37įC,B,,,,? DNA,
MspI,,C/CGG,rCutSmartô Buffer,75,100,50,100,No,37įC,A,,,,? DNA,
MspJI,,CNNR(9/13),rCutSmartô Buffer†+ Activator,<10,<10,<10,100,65įC,37įC,B,,,,pBR322 (dcm+) DNA,"1, e"
MwoI,††,GCNNNNN/NNGC,rCutSmartô Buffer,<10,100,100,100,No,60įC,B,,,,? DNA,
NaeI,,GCC/GGC,rCutSmartô Buffer,25,25,<10,100,No,37įC,A,,,,pXba DNA,b
NarI,,GG/CGCC,rCutSmartô Buffer,100,100,10,100,65įC,37įC,A,,,,pXba DNA,
Nb.BbvCI,,CCTCAGC(none/-2),rCutSmartô Buffer,25,100,100,100,80įC,37įC,A,,,,supercoiled plasmid DNA,e
Nb.BsmI,,GAATGC(none/-1),NEBufferô r3.1,<10,50,100,10,80įC,65įC,A,,,,supercoiled plasmid pBR322 DNA,e
Nb.BsrDI,,GCAATG(none/0),rCutSmartô Buffer,25,100,100,100,80įC,37įC,A,,,,supercoiled pUC19 DNA,e
Nb.BssSI,,CACGAG(none/-1),NEBufferô r3.1,10,100,100,25,No,37įC,B,,,,supercoiled pUC19 DNA,e
Nb.BtsI,,GCAGTG(none/0),rCutSmartô Buffer,75,100,75,100,80įC,37įC,A,,,,supercoiled pUC101 DNA (dam-/dcm-),e
NciI,††,CC/SGG,rCutSmartô Buffer,100,25,10,100,No,37įC,A,,,,? DNA,b
NcoI†ß,,C/CATGG,NEBufferô r3.1,100,100,100,100+,80įC,37įC,A,,,,? DNA,
NcoI-HFģ,††,C/CATGG,rCutSmartô Buffer,50,100,10,100,80įC,37įC,B,,,,? DNA,
NdeI,,CA/TATG,rCutSmartô Buffer,75,100,100,100,65įC,37įC,A,,,,? DNA,
NgoMIV,††,G/CCGGC,rCutSmartô Buffer,100,50,10,100,No,37įC,A,,,,pXba DNA,1
NheI-HFģ,†††,G/CTAGC,rCutSmartô Buffer,100,25,10,100,80įC,37įC,C,,,,? DNA (HindIII digest),
NlaIII,,CATG/,rCutSmartô Buffer,<10,<10,<10,100,65įC,37įC,B,,,,?X174 RF I DNA,
NlaIV,††,GGN/NCC,rCutSmartô Buffer,10,10,10,100,65įC,37įC,B,,,,pBR322 DNA,
NmeAIII,,GCCGAG(21/19),rCutSmartô Buffer,10,10,<10,100,65įC,37įC,B,,,,?X174 RF I DNA,c
NotI†ß,††,GC/GGCCGC,NEBufferô r3.1,<10,50,100,25,65įC,37įC,C,,,,pBC4 DNA,
NotI-HFģ,†††,GC/GGCCGC,rCutSmartô Buffer,25,100,25,100,65įC,37įC,A,,,,pBC4 DNA,
NruI-HFģ,††††,TCG/CGA,rCutSmartô Buffer,0,25,50,100,No,37įC,A,,,,? DNA,
NsiI†ß,,ATGCA/T,NEBufferô r3.1,10,75,100,25,65įC,37įC,B,,,,? DNA,
NsiI-HFģ,††,ATGCA/T,rCutSmartô Buffer,<10,20,<10,100,80įC,37įC,B,,,,? DNA,
NspI,,RCATG/Y,rCutSmartô Buffer,100,100,<10,100,65įC,37įC,A,,,,? DNA,
Nt.AlwI,,GGATC(4/none),rCutSmartô Buffer,10,100,100,100,80įC,37įC,A,,,,pUC101 DNA (dam-/dcm-),e
Nt.BbvCI,,CCTCAGC(-5/none),rCutSmartô Buffer,50,100,10,100,80įC,37įC,A,,,,supercoiled plasmid DNA,e
Nt.BsmAI,,GTCTC(1/none),rCutSmartô Buffer,100,50,10,100,65įC,37įC,A,,,,supercoiled plasmid DNA,e
Nt.BspQI,,GCTCTTC(1/none),NEBufferô r3.1,<10,25,100,10,80įC,50įC,B,,,,supercoiled pUC19 DNA,e
Nt.BstNBI,,GAGTC(4/none),NEBufferô r3.1,0,10,100,10,80įC,55įC,A,,,,T7 DNA,e
Nt.CviPII,,CCD(-3/none),rCutSmartô Buffer,10,100,25,100,65įC,37įC,A,,,,pUC19 DNA,e
PacI,,TTAAT/TAA,rCutSmartô Buffer,100,75,10,100,65įC,37įC,A,,,,pNEB193 DNA,
PaeR7I,††,C/TCGAG,rCutSmartô Buffer,25,100,10,100,No,37įC,A,,,,? DNA (HindIII digest),
PaqCI,,CACCTGC(4/8),rCutSmartô Buffer†+ Activator,10,100,10,100,65įC,37įC,B,,,,? DNA,1
PciI,,A/CATGT,NEBufferô r3.1,50,75,100,50*,80įC,37įC,B,,,,pXba DNA,
PflFI,,GACN/NNGTC,rCutSmartô Buffer,25,100,25,100,65įC,37įC,A,,,,pBC4 DNA,b
PflMI,††,CCANNNN/NTGG,NEBufferô r3.1,0,100,100,50,65įC,37įC,A,,,,? DNA,"3, b, d"
PI-PspI,,TGGCAAACAGCTATTATGGGTATTATGGGT(-13/-17),NEBufferô PI-PspI + rAlbumin,10,10,10,10,No,65įC,B,,,,pAKR7 XmnI-linearized Control Plasmid,
PI-SceI,,ATCTATGTCGGGTGCGGAGAAAGAGGTAAT(-15/-19),NEBufferô PI-SceI + rAlbumin,10,10,10,10,65įC,37įC,B,,,,pBSvdeX XmnI-linearized Control Plasmid,
PleI,,GAGTC(4/5),rCutSmartô Buffer,25,50,25,100,65įC,37įC,A,,,,? DNA,"b, d"
PluTI,,GGCGC/C,rCutSmartô Buffer,100,25,<10,100,65įC,37įC,A,,,,pXba DNA,b
PmeI,††,GTTT/AAAC,rCutSmartô Buffer,<10,50,10,100,65įC,37įC,A,,,,? DNA,
PmlI,††,CAC/GTG,rCutSmartô Buffer,100,50,<10,100,65įC,37įC,A,,,,? DNA (HindIII digest) DNA,
PpuMI,††,RG/GWCCY,rCutSmartô Buffer,<10,<10,<10,100,No,37įC,B,,,,? DNA (HindIII digest),
PshAI,††,GACNN/NNGTC,rCutSmartô Buffer,25,50,10,100,65įC,37įC,A,,,,? DNA,
PsiI-v2,††,TTA/TAA,rCutSmartô Buffer,25,50,10,100,65įC,37įC,B,,,,? DNA,3
PspGI,,/CCWGG,rCutSmartô Buffer,25,100,50,100,No,75įC,A,,,,T7 DNA,3
PspOMI,††,G/GGCCC,rCutSmartô Buffer,10,10,<10,100,65įC,37įC,B,,,,pXba DNA,
PspXI,,VC/TCGAGB,rCutSmartô Buffer,<10,100,25,100,No,37įC,B,,,,? DNA (HindIII digest),
PstI†ß,,CTGCA/G,NEBufferô r3.1,75,75,100,50*,80įC,37įC,C,,,,? DNA,
PstI-HFģ,††,CTGCA/G,rCutSmartô Buffer,10,75,50,100,No,37įC,C,,,,? DNA,
PvuI-HFģ,†††,CGAT/CG,rCutSmartô Buffer,25,100,100,100,No,37įC,B,,,,pXba DNA,
PvuII†ß,,CAG/CTG,NEBufferô r3.1,50,100,100,100*,No,37įC,B,,,,? DNA,
PvuII-HFģ,††,CAG/CTG,rCutSmartô Buffer,<10,<10,<10,100,No,37įC,B,,,,? DNA,
RsaI,††,GT/AC,rCutSmartô Buffer,25,50,<10,100,No,37įC,A,,,,? DNA,
RsrII,,CG/GWCCG,rCutSmartô Buffer,25,75,10,100,65įC,37įC,C,,,,? DNA,
SacI-HFģ,†††,GAGCT/C,rCutSmartô Buffer,10,50,<10,100,65įC,37įC,A,,,,? DNA (HindIII digest),
SacII,††,CCGC/GG,rCutSmartô Buffer,10,100,10,100,65įC,37įC,A,,,,pXba DNA,
SalI†ß,††,G/TCGAC,NEBufferô r3.1,<10,<10,100,<10,65įC,37įC,A,,,,? DNA (HindIII digest),
SalI-HFģ,†††,G/TCGAC,rCutSmartô Buffer,10,100,100,100,65įC,37įC,A,,,,? DNA (HindIII digest),
SapI,,GCTCTTC(1/4),rCutSmartô Buffer,75,50,<10,100,65įC,37įC,B,,,,? DNA,
Sau3AI,,/GATC,NEBufferô r1.1,100,50,10,100+,65įC,37įC,A,,,,? DNA,b
Sau96I,††,G/GNCC,rCutSmartô Buffer,50,100,100,100,65įC,37įC,A,,,,? DNA,
SbfI-HFģ,††,CCTGCA/GG,rCutSmartô Buffer,50,25,<10,100,80įC,37įC,B,,,,? DNA,
ScaI-HFģ,††,AGT/ACT,rCutSmartô Buffer,100,100,10,100,80įC,37įC,B,,,,? DNA,
ScrFI,††,CC/NGG,rCutSmartô Buffer,100,100,100,100,65įC,37įC,C,,,,? DNA,"2, a"
SexAI,,A/CCWGGT,rCutSmartô Buffer,100,75,50,100,65įC,37įC,A,,,,pBC4 DNA (dcm-),"3, b, d"
SfaNI,,GCATC(5/9),NEBufferô r3.1,<10,75,100,25,65įC,37įC,B,,,,?X174 RF I DNA,"3, b"
SfcI,,C/TRYAG,rCutSmartô Buffer,75,50,25,100,65įC,37įC,B,,,,? DNA,3
SfiI,†††,GGCCNNNN/NGGCC,rCutSmartô Buffer,25,100,50,100,No,50įC,C,,,,pXba DNA,
SfoI,†††,GGC/GCC,rCutSmartô Buffer,50,100,100,100,No,37įC,B,,,,? DNA (HindIII digest),
SgrAI,,CR/CCGGYG,rCutSmartô Buffer,100,100,10,100,65įC,37įC,A,,,,? DNA,1
SmaI,††,CCC/GGG,rCutSmartô Buffer,<10,<10,<10,100,65įC,37įC,B,,,,? DNA (HindIII digest),b
SmlI,,C/TYRAG,rCutSmartô Buffer,25,75,25,100,No,55įC,A,,,,? DNA,b
SnaBI,,TAC/GTA,rCutSmartô Buffer,50*,50,10,100,80įC,37įC,A,,,,T7 DNA,1
SpeI-HFģ,††,A/CTAGT,rCutSmartô Buffer,25,50,10,100,80įC,37įC,C,,,,pXba-XbaI DNA,
SphI†ß,,GCATG/C,NEBufferô r2.1,100,100,50,100+,65įC,37įC,B,,,,? DNA,2
SphI-HFģ,††,GCATG/C,rCutSmartô Buffer,50,25,10,100,65įC,37įC,B,,,,? DNA,
SrfI,††,GCCC/GGGC,rCutSmartô Buffer,10,50,0,100,65įC,37įC,B,,,,pNEB193-SrfI DNA,
SspI-HFģ,††,AAT/ATT,rCutSmartô Buffer,25,100,<10,100,65įC,37įC,B,,,,? DNA,
StuI,††,AGG/CCT,rCutSmartô Buffer,50,100,50,100,No,37įC,A,,,,? DNA,
StyD4I,†††,/CCNGG,rCutSmartô Buffer,10,100,100,100,65įC,37įC,B,,,,? DNA,
StyI-HFģ,††,C/CWWGG,rCutSmartô Buffer,25,100,25,100,65įC,37įC,A,,,,? DNA,
SwaI,,ATTT/AAAT,NEBufferô r3.1,10,10,100,10,65įC,25įC,B,,,,pXba DNA,"b, d"
TaqI-v2,†††,T/CGA,rCutSmartô Buffer,50,100,50,100,No,65įC,B,,,,? DNA,
TfiI,††,G/AWTC,rCutSmartô Buffer,50,100,100,100,No,65įC,C,,,,? DNA,
TseI,††,G/CWGC,rCutSmartô Buffer,75,100,100,100,No,65įC,B,,,,? DNA,3
Tsp45I,,/GTSAC,rCutSmartô Buffer,100,50,<10,100,No,65įC,A,,,,? DNA,
TspMI,††,C/CCGGG,rCutSmartô Buffer,50*,75*,50*,100,No,75įC,B,,,,pBC4 DNA,d
TspRI,,NNCASTGNN/,rCutSmartô Buffer,25,50,25,100,No,65įC,B,,,,? DNA,
Tth111I,,GACN/NNGTC,rCutSmartô Buffer,25,100,25,100,No,65įC,B,,,,pBC4 DNA,b
WarmStartģ†Nt.BstNBI,,GAGTC(4/none),NEBufferô r3.1,0,10,100,25,80įC,55įC,A,,,,T7 DNA,
XbaI,††,T/CTAGA,rCutSmartô Buffer,<10,100,75,100,65įC,37įC,A,,,,? DNA (dam-/Hind III digest),
XcmI,,CCANNNNN/NNNNTGG,NEBufferô r2.1,10,100,25,100*,65įC,37įC,C,,,,? DNA,2
XhoI,††,C/TCGAG,rCutSmartô Buffer,75,100,100,100,65įC,37įC,A,,,,? DNA (HindIII digest),b
XmaI,††,C/CCGGG,rCutSmartô Buffer,25,50,<10,100,65įC,37įC,A,,,,pXba DNA,3
XmnI,,GAANN/NNTTC,rCutSmartô Buffer,50,75,<10,100,65įC,37įC,A,,,,? DNA,b
ZraI,,GAC/GTC,rCutSmartô Buffer,100,25,10,100,80įC,37įC,B,,,,? DNA,
